,flux_wt,flux_nd,ratio,ratio_100
T_L_Tyrosine_V2__mitmem,5.100750000000002e-05,5.054379504654903e-05,0.9909090829103369,99.09090829103368
R00243__mito,-1.5162450755334491,-0.3936811911893495,0.2596421894731257,25.964218947312567
PKS_C204__cytop,0.01628887694127823,0.06284722568414561,3.85829090063798,385.829090063798
R00848__mito,0.6123937356648387,0.47118054041498225,0.76940783841208,76.940783841208
T_CoA___chlomem,4.318959583882173e-16,-1.7275838335528693e-16,-0.4,-40.0
R01731__chlo,0.1275718787,0.0,0.0,0.0
T_UDPG__chlomem,0.04493730000000001,-0.05538113033513171,-1.232408941683895,-123.2408941683895
TI3000142_PLAS__chlomem,7.143160000000003e-05,7.078222124681804e-05,0.9909090829103367,99.09090829103367
R01626__chlo,7.247583471517204,4.660236596370878,0.6430055776087954,64.30055776087954
R00177__cytop,0.19972565623909042,0.3490897681931636,1.7478463947329346,174.78463947329345
R00188__cytop,0.0930866697999999,0.09224042660269541,0.9909090829103386,99.09090829103387
R06267__chlo,0.09829270000000001,0.09739912921378091,0.9909090829103372,99.09090829103371
R01954__cytop,0.16586550000000003,0.16435763049146454,0.9909090829103371,99.09090829103371
R05553__cytop,0.000191878300007295,0.00019013395028339458,0.9909090828726641,99.09090828726642
T_Glycolate__chlomem,0.15699476347624797,0.18682160779776813,1.1899862368723702,118.99862368723701
R00112__chlo,1.7886463665857895,2.373084471106572,1.326748828297665,132.6748828297665
T_AKGMALth__chlomem,0.9529218457999992,0.9442589123069017,0.990909082910336,99.0909082910336
T_L_Aspartate_V1__mitmem,-2.5929207677949515,-1.4965426391990613,0.5771648165214619,57.71648165214619
R01641__cytop,1.3536799729999847,1.341197214473671,0.9907786487387785,99.07786487387786
R03458__chlo,0.00026956570000000006,0.0002671151005710831,0.9909090829103371,99.09090829103371
R01220__mito,8.637919167764346e-17,0.0,0.0,0.0
R06867__chlo,0.006656300000000001,0.006595788128576078,0.9909090829103371,99.09090829103371
R04463__cytop,0.6538470136999845,0.6479029447091237,0.9909090829103514,99.09090829103513
R00897__cytop,0.5474468930995415,0.4376662494959934,0.7994679575547672,79.94679575547671
R01216__mito,0.671323502360887,0.514040754724975,0.7657124365782138,76.57124365782137
AMOBR__mito,0.00018025000000000007,0.0001786113621945883,0.990909082910337,99.0909082910337
R03664__cytop,0.029256500000000005,0.02899053158416628,0.9909090829103371,99.09090829103371
R00842__cytop,-0.11352183000000005,0.0,-0.0,-0.0
R00372__cytop,-0.8448659001678752,-0.9470803007024371,1.1209829873761645,112.09829873761646
T_Ammonia_V2__mitmem,0.9622753624354164,0.3936811911893495,0.4091149026126829,40.91149026126829
R05637__chlo,0.5587436983000001,0.5536642056643832,0.9909090829103371,99.09090829103371
R08174__mito,2.758165979360245,0.0,0.0,0.0
R04798__chlo,0.020573280000000003,0.020386250017257586,0.9909090829103372,99.09090829103371
R03313__cytop,0.14203450000000004,0.1407432761366283,0.990909082910337,99.0909082910337
R07364__cytop,0.009273960000000005,0.009189651198547151,0.9909090829103367,99.09090829103367
R04967__chlo,0.9652254055025709,0.32063407976500846,0.33218570288052207,33.218570288052206
T_Oxygen_V4__permem,0.0,3.6130639082237983,inf,inf
R00658__chlo,8.667873938306712,9.24559193313971,1.0666504841838824,106.66504841838824
EX_e_Biomass__dra,1.0,0.9909090829103372,0.9909090829103372,99.09090829103371
T_Hydrogen_V1__chlomem,2.360058169130361,3.2303279877143782,1.36874930879551,136.87493087955102
R10124__mito,0.00018025000000000007,0.0001786113621945883,0.990909082910337,99.0909082910337
R04559__cytop,0.6537434726999846,0.6478003449917701,0.9909090829103514,99.09090829103513
EX_C14818__dra,-7.143160000000725e-05,-7.078222124680086e-05,0.990909082909996,99.09090829099961
T_MALOAAth__chlomem,20.710411981012,50.497541387848564,2.438268318087849,243.82683180878487
TO0000021_PLAS__plas,7.143160000000725e-05,7.078222124680086e-05,0.990909082909996,99.09090829099961
R02691__chlo,0.027737300000000003,0.027485142505408896,0.9909090829103371,99.09090829103371
R01209__chlo,0.47741170387443427,0.37440460511593665,0.7842384300122021,78.4238430012202
R04430__chlo,0.9652254055025709,0.32063407976500846,0.33218570288052207,33.218570288052206
R10115__mito,0.00018025000000000007,0.0001786113621945883,0.990909082910337,99.0909082910337
T_H2S_V1__mitmem,-0.6502687357274681,-0.3520216110218741,0.5413478946178472,54.13478946178471
R04536__chlo,0.9652254055025709,0.6412681595300169,0.6643714057610441,66.43714057610441
R00472__mito,0.0,0.8198431458998453,inf,inf
RXN_14485__e_r_,0.03334190951886002,0.033038800983813,0.9909090829103365,99.09090829103366
R03165__chlo,0.09836413160000002,0.09746991143502773,0.9909090829103372,99.09090829103371
PKS_C185__cytop,0.0,0.26847603226566974,inf,inf
EX_C00027__dra,5.3648291271023565,99.58842763569804,18.563205887134675,1856.3205887134675
T_FAD__chlomem,2.1735165171761093,1.5477880960456416,0.7121124149802042,71.21124149802041
T_Tetradecanoic_acid__chlomem,0.011082126308961006,0.010981379617509066,0.9909090829103369,99.09090829103368
T_Methanol__mitmem,0.00018025000000000007,0.0001786113621945883,0.990909082910337,99.0909082910337
R00236__chlo,0.8611546152713242,1.7585751032430084,2.042113079413659,204.21130794136587
R05578__chlo,0.7869130528000001,0.7797592914802218,0.9909090829103372,99.09090829103371
R04962__chlo,0.9652254055025709,0.32063407976500846,0.33218570288052207,33.218570288052206
e_Cofactor__cytop,0.10000000000000003,0.09909090829103372,0.9909090829103369,99.09090829103368
R00209__chlo,5.907181728960613,2.974360188618737,0.5035159446740239,50.35159446740239
R02063__chlo,0.09829270000000001,0.09739912921378091,0.9909090829103372,99.09090829103371
R05688__chlo,0.5587436983000001,0.5536642056643832,0.9909090829103371,99.09090829103371
R04591__cytop,0.6537434726999846,0.6478003449917701,0.9909090829103514,99.09090829103513
R11044__e_r_,0.03592140054213302,0.035594842068059906,0.9909090829103369,99.09090829103368
PEROX__pero,5.180760366854921,11.452950882169887,2.2106698768471738,221.0669876847174
T__5Z_8Z_11Z_14Z_17Z__Icosapentaenoyl_CoA__ermem,0.2709391173175501,0.0,0.0,0.0
TR2000009_PLAS__mitmem,8.003200107771246,13.768890974905677,1.720423179414925,172.04231794149248
TZ2900034_PLAS__plas,0.0930866697999999,0.09224042660269541,0.9909090829103386,99.09090829103387
R00965__cytop,0.6341945880000001,0.628429177581779,0.9909090829103369,99.09090829103368
R04866__cytop,0.009183802846363453,0.05949358076799311,6.478098644239845,647.8098644239844
R10092__cytop,-11.496523100944277,-14.465844007220989,1.258279906038098,125.82799060380981
R00943__cytop,0.7094332372999846,0.7029838385590487,0.9909090829103503,99.09090829103503
R00206__mito,-2.1531085676345327,0.0,-0.0,-0.0
T_Glycine_V1__mitmem,0.11753405206285428,0.23639129037615433,2.0112578969857875,201.12578969857876
R02093__mito,0.0,7.442081942199098,inf,inf
R02283__chlo,-0.16586550000000003,-0.16435763049146454,0.9909090829103371,99.09090829103371
PKS_C82__cytop,0.0,0.26847603226566974,inf,inf
RXN_16380__e_r_,0.33690648113230903,0.018661230407070878,0.05538994187452953,5.538994187452953
R01466__chlo,0.19404100000000005,0.19227698935700477,0.9909090829103371,99.09090829103371
R12657__mito,5.100750000000002e-05,5.054379504654903e-05,0.9909090829103369,99.09090829103368
R03648__cytop,0.05809300000000001,0.05756488135351021,0.9909090829103369,99.09090829103368
R02094__mito,0.0,2.3456491889583315,inf,inf
R00129__mito,0.0,1.5431784989602033,inf,inf
T_CO2_V1__chlomem,49.646927971474504,99.58842763571194,2.0059333317246173,200.59333317246174
R03659__cytop,0.050598000000000004,0.050138017777097234,0.990909082910337,99.0909082910337
PKS_C163__cytop,0.01628887694127823,0.06284722568414561,3.85829090063798,385.829090063798
T_Diphosphate__ermem,-0.74538752211329,-0.19844917920058827,0.2662362506927321,26.62362506927321
R01827__cytop,-1.3536799729999847,0.0,-0.0,-0.0
R03197__chlo,0.09836413160000002,0.09746991143502773,0.9909090829103372,99.09090829103371
R01071__cytop,-0.05559675000000001,-0.055091324555295286,0.990909082910337,99.0909082910337
R09737__mito,5.100750000000002e-05,5.054379504654903e-05,0.9909090829103369,99.09090829103368
R02093__cytop,0.23840211600000003,0.23623482212944383,0.9909090829103371,99.09090829103371
T_OAAICITtm__mitmem,0.22675900117778278,0.0,0.0,0.0
T_CO__plas,0.00010354100000000004,0.00010259971735361923,0.9909090829103367,99.09090829103367
T_L_Threonine__chlomem,-0.11611900000000003,-0.11506337179846543,0.9909090829103369,99.09090829103368
R01626__cytop,0.14659989247150407,2.981909321548338,20.340460496094554,2034.0460496094554
R12173__e_r_,0.03592140054213302,0.035594842068059906,0.9909090829103369,99.09090829103368
e_Lipid__cytop,0.10000000000000003,0.09909090829103372,0.9909090829103369,99.09090829103368
R00362__mito,1.9023343418993757,1.279903009470548,0.6728065520767688,67.28065520767687
TZ2900003_PLAS__plas,-0.2735067125104947,0.0,-0.0,-0.0
TZ2900023_PLAS__chlomem,0.5255535183000001,0.5207757548389542,0.9909090829103372,99.09090829103371
T_OAACITtm__mitmem,0.22675900117778278,-0.3509285697244902,-1.5475838573188831,-154.75838573188832
T_Hydrogen_Peroxide_V2__chlomem,12.650500191047517,27.02238483211013,2.1360724417231567,213.60724417231566
R00127__chlo,13.287085138626544,4.010311713860289,0.3018202767589721,30.18202767589721
EX_C00080__dra,-3.2084643458903757,-1.3925064083067593,0.4340102485758891,43.40102485758891
R06982__cytop,0.6990551608999774,0.6927001083911513,0.9909090829103606,99.09090829103606
R03472__chlo,0.00010354100000000004,0.00010259971735361923,0.9909090829103367,99.09090829103367
T__6Z_9Z_12Z__Hexadecatrienoyl_CoA__ermem,0.029998201266420017,0.02972549010586796,0.9909090829103367,99.09090829103367
RXN_12777__e_r_,0.06854685483803181,0.021217271491317812,0.3095294677115637,30.95294677115637
R03314__cytop,0.14203450000000004,0.1407432761366283,0.990909082910337,99.0909082910337
R00742__cytop,0.6168550045847929,3.132706921588122,5.07851423479454,507.85142347945396
TR2000137_PLAS__mitmem,0.22675900117778278,-0.3509285697244902,-1.5475838573188831,-154.75838573188832
R00239__cytop,0.14203450000000004,0.1407432761366283,0.990909082910337,99.0909082910337
e_RNA__cytop,0.077,0.07629999938409596,0.9909090829103371,99.09090829103371
RXN_12997__e_r_,0.2709391173175501,0.0,0.0,0.0
R06286__chlo,0.0,0.09739912921378091,inf,inf
R00357__cytop,3.1178910707082936,99.58842763571194,31.940957967171176,3194.0957967171175
R07396__cytop,0.009273960000000005,0.009189651198547151,0.9909090829103367,99.09090829103367
TI3000282_PLAS__ermem,0.0034969400000000013,0.0034651496083924747,0.9909090829103369,99.09090829103368
TR2000106_PLAS__chlomem,10.916495894771382,0.0,0.0,0.0
R05046__cytop,0.000191878300007295,0.00019013395028339458,0.9909090828726641,99.09090828726642
R04957__chlo,0.9652254055025709,0.6412681595300169,0.6643714057610441,66.43714057610441
R00959__cytop,-0.6545867530000001,-0.548726050033887,0.838278574259334,83.8278574259334
R00465__chlo,0.5400476185369789,0.9683073205388925,1.7930035932055297,179.30035932055296
R01899__mito,0.0,9.37611899409041,inf,inf
T_H2O_V2__mitmem,-14.82822699446382,24.563319365044578,-1.6565243689765063,-165.65243689765063
R01401__cytop,0.009273960000000005,0.009189651198547151,0.9909090829103367,99.09090829103367
R11043__e_r_,0.4009918020522969,0.08216395698791087,0.20490183731286143,20.490183731286145
T_UMP__chlomem,0.03828100000000001,0.03793299060289062,0.990909082910337,99.0909082910337
R02241__e_r_,0.11352183000000005,0.0,0.0,0.0
T_ADP__chlomem,0.5259756427000093,0.521194041741044,0.9909090829103422,99.09090829103422
R01049__chlo,0.029256500000000005,0.02899053158416628,0.9909090829103371,99.09090829103371
R00885__cytop,0.004779899999999999,0.00473644632540312,0.9909090829103373,99.09090829103373
T_SAMT1_V1__mitmem,0.0003332725000000001,0.00033024274733423536,0.990909082910337,99.0909082910337
T_CMP__chlomem,-0.5638345183000001,-0.5587087454418448,0.9909090829103372,99.09090829103371
R00192__cytop,0.1898771322390904,0.33933077630830316,1.7871071271553807,178.71071271553808
R00274__chlo,4.95643201663588,13.745566848078425,2.773278600804469,277.3278600804469
R06272__chlo,0.0,0.09739912921378091,inf,inf
R07762__chlo,0.5020877593081691,0.18234085927826962,0.36316531502285304,36.3165315022853
T_5_Deoxyadenosine_V1__mitmem,0.00036050000000000014,0.0003572227243891766,0.990909082910337,99.0909082910337
ATPase__chlo,254.18597523955268,364.49554272914116,1.4339718876528469,143.39718876528468
R05633__chlo,0.5587436983000001,0.5536642056643832,0.9909090829103371,99.09090829103371
R01700__mito,0.6651749099475975,1.4782302020955598,2.222318039945335,222.2318039945335
R00127__cytop,-17.016917106851626,-11.412435679102538,0.6706523636121774,67.06523636121774
R02570__mito,0.6651749099475975,17.471507788213263,26.2660354846963,2626.60354846963
R00833__mito,0.09975244107443426,0.0001786113621945883,0.0017905462790761212,0.17905462790761212
R03652__cytop,0.08235850000000002,0.08160978570487101,0.9909090829103371,99.09090829103371
R05069__chlo,0.07792200000000002,0.0772136175585393,0.990909082910337,99.0909082910337
R01395__cytop,0.21883689582213658,0.33890372896053206,1.5486590032605005,154.86590032605005
R00275__mito,26.59527679781928,21.526578872620515,0.8094136051400532,80.94136051400532
R04638__cytop,0.000191878300007295,0.00019013395028339458,0.9909090828726641,99.09090828726642
R04035__cytop,0.05559675000000001,0.055091324555295286,0.990909082910337,99.0909082910337
R05070__chlo,0.07792200000000002,0.0772136175585393,0.990909082910337,99.0909082910337
DM_photon450__chlo,647.6888399368397,997.1469967865171,1.5395463613110199,153.95463613110198
R01716__cytop,0.000191878300007295,0.00019013395028339458,0.9909090828726641,99.09090828726642
R00289__cytop,0.6545867530000001,0.548726050033887,0.838278574259334,83.8278574259334
R02094__cytop,0.23840211600000003,0.23623482212944383,0.9909090829103371,99.09090829103371
R08409__chlo,254.18597523955268,364.49554272914116,1.4339718876528469,143.39718876528468
R00366__cytop,0.7857198263441159,0.9197259896317898,1.1705520960457274,117.05520960457274
R05692__cytop,0.00195762,0.0019398234388869342,0.9909090829103371,99.09090829103371
R02569__mito,0.05739322744459195,0.0,0.0,0.0
R01070__cytop,-10.803312671471382,-3.402764550491511,0.3149741800473191,31.49741800473191
R02661__mito,0.09957219107443427,0.0,0.0,0.0
R00619__cytop,0.00010354100000000004,0.00010259971735361923,0.9909090829103367,99.09090829103367
T_Aminoimidazole_ribotide__chlomem,0.00010354100000000004,0.00010259971735361923,0.9909090829103367,99.09090829103367
TR0000049_CHLO__chlomem,8.817322335982864,8.87325977907711,1.00634403971668,100.63440397166801
T_CoA_V1__mitmem,4.863152709185296e-16,0.0,0.0,0.0
R01890__cytop,0.012120000000000004,0.012009818084873287,0.990909082910337,99.0909082910337
R03658__cytop,0.10010525000000002,0.09919520147201004,0.9909090829103371,99.09090829103371
RXN_12753__mito,0.0,1.5431784989602033,inf,inf
R01108__chlo,4.285079877094278,3.088051102128331,0.7206519343164135,72.06519343164135
R03337__mito,5.100750000000002e-05,5.054379504654903e-05,0.9909090829103369,99.09090829103368
R05884__chlo,0.41919480960000005,0.41538394434150944,0.9909090829103371,99.09090829103371
R04958__chlo,0.0,0.32063407976500846,inf,inf
R04109__chlo,0.7869130528000001,0.7797592914802218,0.9909090829103372,99.09090829103371
R01518__mito,-5.2207167328234165,0.0,-0.0,-0.0
R00483__cytop,0.05809300000000001,0.05756488135351021,0.9909090829103369,99.09090829103368
R07459__chlo,0.00010354100000000004,0.00010259971735361923,0.9909090829103367,99.09090829103367
R02473__mito,0.00018026279999986306,0.00017862404583087716,0.9909090829112432,99.09090829112432
R04558__cytop,0.05559675000000001,0.055091324555295286,0.990909082910337,99.0909082910337
R01333__cytop,0.000191878300007295,0.00019013395028339458,0.9909090828726641,99.09090828726642
R03457__cytop,0.05559675000000001,0.055091324555295286,0.990909082910337,99.0909082910337
R04953__chlo,0.9652254055025709,0.6412681595300169,0.6643714057610441,66.43714057610441
PKS_C184__cytop,0.01628887694127823,0.06284722568414561,3.85829090063798,385.829090063798
T_beta_Alanine__mitmem,0.00018026279999986306,0.00017862404583087716,0.9909090829112432,99.09090829112432
R04867__cytop,0.009183802846363453,0.05949358076799311,6.478098644239845,647.8098644239844
R08162__chlo,0.1567738709090101,0.1553486526467507,0.9909090829103367,99.09090829103367
TR2000102_PLAS__chlomem,19.44068283204842,33.66056449345283,1.7314497018573136,173.14497018573135
R01512__chlo,141.3673339214893,228.62140116199393,1.6172151997219006,161.72151997219007
R02814__chlo,0.07767052478130004,0.0769644284802026,0.9909090829103366,99.09090829103366
TR0000047_PLAS__chlomem,-0.0009122381000000003,-0.0009039450190668687,0.9909090829103372,99.09090829103371
R04966__cytop,0.0,6.478439375823259e-17,inf,inf
PKS_C205__cytop,0.0,0.26847603226566974,inf,inf
R01049__cytop,1.543378919239075,1.3315477408333811,0.8627484308842757,86.27484308842756
TR0000532_PLAS__plas,9.058011497458518,12.177336055681588,1.3443718921198418,134.43718921198416
R04231__mito,0.00018026279999986306,0.00017862404583087716,0.9909090829112432,99.09090829112432
R02722__chlo,0.029256500000000005,0.02899053158416628,0.9909090829103371,99.09090829103371
R08163__chlo,0.4244172345268691,0.105376430798067,0.2482849946363236,24.82849946363236
R04208__cytop,0.6538470136999845,0.6479029447091237,0.9909090829103514,99.09090829103513
R04780__cytop,0.0,1.7227417218622916,inf,inf
R08198__mito,-2.295125364239538,-1.770744069435578,0.7715238988796119,77.15238988796119
R02022__cytop,0.22708489799999998,0.2250204880199674,0.9909090829103371,99.09090829103371
R03370__chlo,0.07767052478130004,0.0769644284802026,0.9909090829103366,99.09090829103366
R02057__e_r_,0.0034969400000000013,0.0034651496083924747,0.9909090829103369,99.09090829103368
R02003__chlo,0.1395488887,0.13828026132287374,0.9909090829103373,99.09090829103373
R08161__chlo,0.1567738709090101,0.1553486526467507,0.9909090829103367,99.09090829103367
R02038__cytop,0.0034969400000000013,0.0034651496083924747,0.9909090829103369,99.09090829103368
R00402__cytop,0.8354598950022519,0.7218712209352429,0.8640405425245423,86.40405425245423
R04952__chlo,0.9652254055025709,0.6412681595300169,0.6643714057610441,66.43714057610441
R02016__cytop,2.6159587746967117,1.1311443534528844,0.43240144469938246,43.240144469938244
R00529__cytop,0.0930866697999999,0.09224042660269541,0.9909090829103386,99.09090829103387
R01321__e_r_,0.012120000000000004,0.012009818084873287,0.990909082910337,99.0909082910337
T_CO2_V2__mitmem,0.4976529014866698,-53.4242787846109,-107.35249131475611,-10735.249131475612
R03534__mito,2.295125364239538,1.770744069435578,0.7715238988796119,77.15238988796119
R03005__cytop,0.00012543430000000005,0.00012429398718316443,0.9909090829475222,99.09090829475223
T_CDP_ethanolamine__ermem,0.0034969400000000013,0.0034651496083924747,0.9909090829103369,99.09090829103368
R02739__cytop,3.7173000862357055,0.0,0.0,0.0
R10053__cytop,0.0002500390000000001,0.0002477659161818178,0.9909090829103369,99.09090829103368
R04968__chlo,0.9541432791936098,0.6302867799125078,0.6605787554728595,66.05787554728595
T_NADth__chlomem,27.473103155269143,9.832832295170153,0.3579075956435699,35.79075956435699
R00945__mito,-0.11753405206285428,-0.5142193787708059,4.375067223036046,437.5067223036046
T_ASPSAth__chlomem,-0.05070852300000002,-0.05024753602166775,0.9909090829103371,99.09090829103371
R02662__mito,0.09957219107443427,0.0,0.0,0.0
TO0000080_PLAS__ermem,0.11352183000000005,0.0,0.0,0.0
EX_C00001__dra,-44.85786367714468,-140.2744876111528,3.127088008933056,312.70880089330564
R01512__cytop,-7.283512001577056,-22.831602711377432,3.1346969300570713,313.46969300570714
T_Hydrogen__plas,2.360058169130361,3.2303279877143782,1.36874930879551,136.87493087955102
R01251__cytop,0.14203450000000004,0.1407432761366283,0.990909082910337,99.0909082910337
R00746__cytop,-3.4105076058310138,-3.6688743039080656,1.0757560832397257,107.57560832397257
R04469__chlo,0.010543700000000003,0.010447848097481723,0.990909082910337,99.0909082910337
R10707__chlo,0.9652254055025709,0.6412681595300169,0.6643714057610441,66.43714057610441
R12461__cytop,0.009183802846363453,0.05949358076799311,6.478098644239845,647.8098644239844
T_ACCOAtm__mitmem,-1.1825766746256128,-1.3562816716690478,1.14688687910949,114.688687910949
R02472__mito,0.00018026279999986306,0.00017862404583087716,0.9909090829112432,99.09090829112432
T_NADPH__ermem,2.8720118651639033,0.6863318401217363,0.23897249466362075,23.897249466362076
R11059__e_r_,0.06854685483803181,0.021217271491317812,0.3095294677115637,30.95294677115637
R00214__mito,0.7956226897279931,0.0,0.0,0.0
R03348__cytop,0.00012543430000000005,0.00012429398718316443,0.9909090829475222,99.09090829475223
R05636__chlo,0.5588472393000001,0.5537668053817368,0.9909090829103371,99.09090829103371
R00390__e_r_,0.27197146000000005,0.04451936509517905,0.1636913119309616,16.36913119309616
R01195__chlo,214.0336402481742,316.32141961942773,1.4779051519782114,147.79051519782115
T_Acetate__chlomem,2.450245275998917,3.5171502064860167,1.4354278083658967,143.54278083658966
TR0000243_PLAS__chlomem,17.796514232725585,15.39957024254437,0.8653138497328015,86.53138497328014
R03509__chlo,0.029256500000000005,0.02899053158416628,0.9909090829103371,99.09090829103371
T_CMP_V1__mitmem,-4.909442339491064e-17,3.7896339708184885e-17,-0.7719072164948453,-77.19072164948453
R00851__chlo,0.0,0.1124898124556032,inf,inf
R01061__cytop,7.283512001577056,22.831602711377432,3.1346969300570713,313.46969300570714
R01799__e_r_,0.0031609500000000005,0.0031322140656254304,0.9909090829103371,99.09090829103371
R01334__chlo,0.38305285506073095,0.7814857127411243,2.0401511238370067,204.01511238370068
T_5_Methylthioadenosine__mitmem,0.00018025000000000007,0.0001786113621945883,0.990909082910337,99.0909082910337
R04959__chlo,0.9652254055025709,0.32063407976500846,0.33218570288052207,33.218570288052206
T_CO2__plas,52.69960390777822,51.210002998950166,0.9717341156598676,97.17341156598675
TR2000061_PLAS__chlomem,-18.374400193134324,-8.393735795096603,0.4568168596998861,45.681685969988614
R01868__mito,0.6341945880000001,0.628429177581779,0.9909090829103369,99.09090829103368
R02251__e_r_,0.04492780000000002,0.04451936509517905,0.9909090829103369,99.09090829103368
R08179__cytop,0.2709391173175501,0.0,0.0,0.0
R01699__mito,0.05739322744459195,0.0,0.0,0.0
R03013__cytop,0.05559675000000001,0.055091324555295286,0.990909082910337,99.0909082910337
R01714__chlo,0.15702025700000735,0.15559279886221547,0.9909090829102909,99.0909082910291
R00713__mito,0.6455051041319246,0.0,0.0,0.0
R01529__chlo,-19.913549314304667,-13.971463061762465,0.7016058685091475,70.16058685091475
R06284__chlo,0.09829270000000001,0.09739912921378091,0.9909090829103372,99.09090829103371
R00235__chlo,1.5890906607275928,1.7585751032430084,1.1066549862157105,110.66549862157105
R01187__cytop,0.003410988999999873,0.003379979981807248,0.9909090829103739,99.0909082910374
R04544__chlo,0.9541432791936098,0.6302867799125077,0.6605787554728594,66.05787554728593
R02735__chlo,0.10010525000000002,0.09919520147201004,0.9909090829103371,99.09090829103371
R00842__chlo,-0.005090820000000001,-0.11753435223306483,23.087508934329794,2308.7508934329794
R07916__chlo,0.020573280000000003,0.020386250017257586,0.9909090829103372,99.09090829103371
R00497__chlo,0.00014329300000000004,0.00014199033521747096,0.990909082910337,99.0909082910337
R12205__e_r_,0.3153631806520201,0.04402020785791041,0.1395857555942253,13.958575559422531
T_Oxygen_V1__chlomem,-121.39006544333103,-177.3528522904541,1.4610162013072512,146.1016201307251
R04537__chlo,0.9652254055025709,0.6412681595300169,0.6643714057610441,66.43714057610441
T_UDPGA__chlomem,0.03828100000000001,0.03793299060289062,0.990909082910337,99.0909082910337
RXN_14484__e_r_,0.03334190951886002,0.033038800983813,0.9909090829103365,99.09090829103366
e_FreeFattyAcid__cytop,0.2750664900000001,0.27256588334526544,0.9909090829103369,99.09090829103368
T_3_Methyl_2_oxobutanoic_acid__chlomem,0.13614540181157983,0.0,0.0,0.0
R02412__chlo,0.15702025700000735,0.15559279886221547,0.9909090829102909,99.0909082910291
R02016__mito,0.6502687357274681,3.3517527955206607,5.154411724517234,515.4411724517234
R10116__mito,0.00018025000000000007,0.0001786113621945883,0.990909082910337,99.0909082910337
R00996__chlo,0.07792200000000002,0.0772136175585393,0.990909082910337,99.0909082910337
R03269__mito,0.00018026279999986306,0.00017862404583087716,0.9909090829112432,99.09090829112432
R00895__mito,0.6502687357274681,0.3520216110218741,0.5413478946178472,54.13478946178471
R01184__cytop,0.0002500390000000001,0.0002477659161818178,0.9909090829103369,99.09090829103368
T_Superoxide__mitmem,-9.058011497458518,-35.78328926690243,3.950457479209697,395.0457479209697
R01373__chlo,0.0,0.08526641301006382,inf,inf
T_Ammonia_V1__chlomem,-5.881988617453639,-5.279748664671085,0.8976128666764968,89.76128666764967
R04954__cytop,0.01628887694127823,0.06284722568414561,3.85829090063798,385.829090063798
ATP_Synthase__mitmem,19.09169291075472,17.613048125219272,0.9225503577682994,92.25503577682994
R01830__cytop,1.3536799729999847,1.341197214473671,0.9907786487387785,99.07786487387786
TE_2__cytop,0.01628887694127823,0.06284722568414561,3.85829090063798,385.829090063798
R00156__cytop,1.0140841320000002,0.9049552681674468,0.8923867750328298,89.23867750328299
DM_photon298__cytop,44.248281313497515,68.12893452524393,1.539696740819216,153.9696740819216
R00575__cytop,0.0,0.11497935015217932,inf,inf
R07460__chlo,0.00010354100000000004,0.00010259971735361923,0.9909090829103367,99.09090829103367
R03662__cytop,0.17851525000000001,0.17689238266300955,0.990909082910337,99.0909082910337
R00959__chlo,0.03828100000000001,-0.061976918463707786,-1.6189994635382505,-161.89994635382504
R01728__cytop,0.0,0.041145720317701945,inf,inf
R00734__chlo,5.8621200000000014e-05,5.808827953110347e-05,0.9909090829103371,99.09090829103371
R00009__pero,5.180760366854921,7.839886973946088,1.513269562534397,151.3269562534397
R03459__chlo,0.00026956570000000006,0.0002671151005710831,0.9909090829103371,99.09090829103371
T_Octadecenoic_acid__chlomem,0.07767052478130004,0.0769644284802026,0.9909090829103366,99.09090829103366
R00586__cytop,0.5474468930995415,0.4376662494959934,0.7994679575547672,79.94679575547671
T_all_trans_Nonaprenyl_diphosphate_V1__mitmem,5.100750000000002e-05,5.054379504654903e-05,0.9909090829103369,99.09090829103368
R10709__chlo,5.8621200000000014e-05,5.808827953110347e-05,0.9909090829103371,99.09090829103371
Cytochrome_C_Reductase__mitmem,0.19931551162854957,0.0653265731751432,0.32775458689280434,32.775458689280434
R04326__cytop,0.6538470136999845,0.6479029447091237,0.9909090829103514,99.09090829103513
T_Methanol_V1__permem,0.00018025000000000007,0.0001786113621945883,0.990909082910337,99.0909082910337
R08766__mito,5.100750000000002e-05,5.054379504654903e-05,0.9909090829103369,99.09090829103368
R01993__cytop,-0.6341945880000001,-0.628429177581779,0.9909090829103369,99.09090829103368
R01015__cytop,0.0,4.7436262365106225,inf,inf
R00189__cytop,0.00012543430000000005,0.00012429398718316443,0.9909090829475222,99.09090829475223
R07618__chlo,0.6191617405972234,0.0,0.0,0.0
R01301__mito,5.100750000000002e-05,5.054379504654903e-05,0.9909090829103369,99.09090829103368
R06896__chlo,0.09829270000000001,0.0,0.0,0.0
R04509__chlo,0.00010354100000000004,0.00010259971735361923,0.9909090829103367,99.09090829103367
R03084__chlo,0.15702025700000735,0.15559279886221547,0.9909090829102909,99.0909082910291
R02282__chlo,0.16586550000000003,0.16435763049146454,0.9909090829103371,99.09090829103371
R01795__cytop,0.05068562870000001,0.009079129534148916,0.17912630793013945,17.912630793013946
TI3000278_PLAS__ermem,0.012120000000000004,0.012009818084873287,0.990909082910337,99.0909082910337
R04724__chlo,0.0,0.32063407976500846,inf,inf
R04960__chlo,0.9652254055025709,0.6412681595300169,0.6643714057610441,66.43714057610441
R00261__cytop,0.6455051041319246,0.0,0.0,0.0
R03665__cytop,0.15392700000000004,0.15252766240513949,0.9909090829103371,99.09090829103371
R06868__cytop,0.012120000000000004,0.012009818084873287,0.990909082910337,99.0909082910337
R02098__cytop,-0.23840211600000003,-0.23623482212944383,0.9909090829103371,99.09090829103371
R03654__cytop,0.20440400000000003,0.20254578018320454,0.990909082910337,99.0909082910337
R04420__cytop,0.009273960000000005,0.009189651198547151,0.9909090829103367,99.09090829103367
T_L_Alanine__chlomem,-0.00010354100000000004,-0.00010259971735361923,0.9909090829103367,99.09090829103367
R07559__chlo,0.018607650000000003,0.018438489396616537,0.9909090829103371,99.09090829103371
T__S__Dihydroorotate__mitmem,0.6341945880000001,0.628429177581779,0.9909090829103369,99.09090829103368
R00694__chlo,0.0,-0.08526641301006382,-inf,-inf
T_3_Isopropylmalate__chlomem,-0.22373225000000002,-0.22169831866496625,0.990909082910337,99.0909082910337
R09251__chlo,0.00010962870000000004,0.00010863207457765251,0.9909090829103371,99.09090829103371
R08183__cytop,0.06854685483803181,0.021217271491317812,0.3095294677115637,30.95294677115637
PKS_C101__cytop,0.01628887694127823,0.06284722568414561,3.85829090063798,385.829090063798
R01801__chlo,0.005090820000000001,0.005044539777461603,0.990909082910337,99.0909082910337
R01214__mito,0.09975245387443409,0.00017862404583087716,0.001790673200438003,0.1790673200438003
R00014__cytop,0.0,1.7991211250777326,inf,inf
R00794__cytop,8.817322335982864,8.87325977907711,1.00634403971668,100.63440397166801
R09725__mito,0.00018025000000000007,0.0001786113621945883,0.990909082910337,99.0909082910337
R04544__cytop,0.0,6.478439375823259e-17,inf,inf
R10118__mito,0.00018025000000000007,0.0001786113621945883,0.990909082910337,99.0909082910337
R00253__cytop,1.4480052416999767,1.5498208962544755,1.0703144240244364,107.03144240244364
R04800__chlo,0.020573280000000003,0.020386250017257586,0.9909090829103372,99.09090829103371
R02018__cytop,0.23840211600000003,0.23623482212944383,0.9909090829103371,99.09090829103371
R09542_V1__chlo,408.7835228433934,629.4026578225704,1.539696740819216,153.9696740819216
R02740__chlo,0.03828100000000001,-0.061976918463707786,-1.6189994635382505,-161.89994635382504
EX_C00282__dra,2.360058169130361,3.2303279877143782,1.36874930879551,136.87493087955102
R07168__cytop,0.24058565523909042,0.3895783123299709,1.619291524022136,161.9291524022136
R02241__chlo,0.0,0.1124898124556032,inf,inf
R01829__cytop,0.0,-1.341197214473671,-inf,-inf
R04621__cytop,0.000191878300007295,0.00019013395028339458,0.9909090828726641,99.09090828726642
R07641__cytop,0.5812231921778634,0.33890372896053206,0.5830870714065074,58.30870714065074
R03845_V1__chlo,0.09829270000000001,0.0,0.0,0.0
R08689__chlo,0.5587436983000001,0.5536642056643832,0.9909090829103371,99.09090829103371
R06265__chlo,0.09829270000000001,0.09739912921378091,0.9909090829103372,99.09090829103371
R00985__chlo,0.029256500000000005,0.02899053158416628,0.9909090829103371,99.09090829103371
R01061__chlo,-17.454835265904297,-4.5717604363179465,0.2619194261459616,26.191942614596158
R00330__cytop,0.42642497299998455,0.42254837892548924,0.9909090829103588,99.09090829103589
R00570__mito,0.0,1.1373674015312014,inf,inf
R12570__chlo,7.989264110211637,13.56933031805414,1.698445580327008,169.8445580327008
T_L_Tryptophan__chlomem,-0.029256500000000005,-0.02899053158416628,0.9909090829103371,99.09090829103371
R01251__mito,0.0,7.663087004472176,inf,inf
R04966__chlo,0.0,0.32063407976500846,inf,inf
R10996__mito,0.00018025000000000007,0.0001786113621945883,0.990909082910337,99.0909082910337
T_L_Methionine__chlomem,-0.00010354100000000004,-0.00010259971735361923,0.9909090829103367,99.09090829103367
R00512__mito,1.2432883858129817,1.1373674015312014,0.9148057799860175,91.48057799860176
R08186__cytop,0.03334190951886002,0.033038800983813,0.9909090829103365,99.09090829103366
R09542__chlo,99.58842763571194,99.58842763571194,1.0,100.0
R03824__chlo,0.020573280000000003,0.020386250017257586,0.9909090829103372,99.09090829103371
T_Ammonia__plas,-0.35710131298294456,-0.4899499239574367,1.3720193853805212,137.2019385380521
T_H2O_V3__ermem,-4.262381933987937,-0.8500387521455898,0.19942810506197012,19.942810506197013
R12067__mito,5.100750000000002e-05,5.054379504654903e-05,0.9909090829103369,99.09090829103368
R00790__chlo,8.817322335982864,8.87325977907711,1.00634403971668,100.63440397166801
R03231__mito,0.00018025000000000007,0.0001786113621945883,0.990909082910337,99.0909082910337
R04429__cytop,0.01628887694127823,0.32063407976500846,19.684234887457347,1968.4234887457346
R01857__cytop,0.287425584,0.2848126218464081,0.9909090829103372,99.09090829103371
R03105__mito,0.6502687357274681,0.3520216110218741,0.5413478946178472,54.13478946178471
R09543__mito,0.00018025000000000007,0.0001786113621945883,0.990909082910337,99.0909082910337
R02301__mito,1.172418142771601,0.0,0.0,0.0
R05048__cytop,0.000191878300007295,0.00019013395028339458,0.9909090828726641,99.09090828726642
TR2000109_PLAS__mitmem,2.0627952687536397,22.831602711377432,11.068283439089184,1106.8283439089184
R02521__chlo,5.8621200000000014e-05,5.808827953110347e-05,0.9909090829103371,99.09090829103371
T_CoA_AMP__mitmem,-5.7374799999901925e-05,-1.3962545610295294,24335.676307924667,2433567.6307924665
R04535__chlo,0.9652254055025709,0.6412681595300169,0.6643714057610441,66.43714057610441
R01771__cytop,0.05070852300000002,0.05024753602166775,0.9909090829103371,99.09090829103371
R11060__e_r_,0.2709391173175501,0.0,0.0,0.0
R03657__cytop,0.22373225000000002,0.22169831866496625,0.990909082910337,99.0909082910337
R10121__mito,0.00018025000000000007,0.0001786113621945883,0.990909082910337,99.0909082910337
R07761__e_r_,0.09742723043884785,0.096541527564653,0.9909090829103392,99.09090829103391
RXN_14486__e_r_,0.03334190951886002,0.033038800983813,0.9909090829103365,99.09090829103366
T_Oxygen_V3__ermem,1.9315016409373233,0.3847366400421685,0.1991904287771988,19.919042877719882
R01213__chlo,0.22373225000000002,0.22169831866496625,0.990909082910337,99.0909082910337
RXN_12971__e_r_,0.06854685483803181,0.021217271491317812,0.3095294677115637,30.95294677115637
R00160__cytop,9.650010000000004e-05,9.562282559175584e-05,0.9909090829103369,99.09090829103368
R00004__mito,6.099686631846097,6.714787609100665,1.1008414061868625,110.08414061868625
R01220__cytop,0.6538470136999845,0.6479029447091237,0.9909090829103514,99.09090829103513
T_L_Isoleucine__chlomem,-0.07792200000000002,-0.0772136175585393,0.990909082910337,99.0909082910337
R00571__chlo,0.03828100000000001,0.03793299060289062,0.990909082910337,99.0909082910337
R02237__cytop,0.000191878300007295,0.00019013395028339458,0.9909090828726641,99.09090828726642
R04533__chlo,0.9652254055025709,0.6412681595300169,0.6643714057610441,66.43714057610441
T_Octadecanoic_acid_V1__ermem,0.33690648113230903,0.018661230407070878,0.05538994187452953,5.538994187452953
R00939__cytop,0.2385939943000073,0.23642495607972724,0.990909082910307,99.0909082910307
TO0000971_PLAS__plas,1.293290662897103,0.0,0.0,0.0
R07280__chlo,0.00026956570000000006,0.0002671151005710831,0.9909090829103371,99.09090829103371
R00549__chlo,0.00015255870000000006,0.00015117180150699328,0.990909082910337,99.0909082910337
R00104__cytop,5.915670000000001e-05,5.8618911344561374e-05,0.9909090829028895,99.09090829028895
R00268__mito,0.0,9.37611899409041,inf,inf
R10998__mito,0.00018025000000000007,0.0001786113621945883,0.990909082910337,99.0909082910337
R00509__cytop,0.0930866697999999,0.09224042660269541,0.9909090829103386,99.09090829103387
R08771__mito,5.100750000000002e-05,5.054379504654903e-05,0.9909090829103369,99.09090829103368
T_AHCYS__ermem,-0.027281130000000008,-0.02703311950905769,0.990909082910337,99.0909082910337
R00602__pero,0.00018025000000000007,0.0001786113621945883,0.990909082910337,99.0909082910337
R06946__chlo,0.0167432,3.1046420910853154,185.4270444768811,18542.70444768811
R04779__cytop,0.1027882223714732,0.0,0.0,0.0
R10247__chlo,0.00010354100000000004,0.00010259971735361923,0.9909090829103367,99.09090829103367
R12621__cytop,0.00046404100000000016,0.00045982244174279586,0.990909082910337,99.0909082910337
R00130__mito,5.737479999986303e-05,5.685321045019164e-05,0.9909090829131844,99.09090829131844
R08704__cytop,0.00147272,0.001459331624583712,0.9909090829103372,99.09090829103371
T_Myo_Inositol__ermem,0.0031609500000000005,0.0031322140656254304,0.9909090829103371,99.09090829103371
R07456__cytop,0.0,0.00017656612584746132,inf,inf
R09504__mito,11.971610981877042,8.802938918321583,0.7353178224424196,73.53178224424197
R00243__cytop,5.563493876087703,102.0279306802044,18.338823220194023,1833.8823220194022
EX_C00059__dra,-0.0930866697999999,-0.09224042660269541,0.9909090829103386,99.09090829103387
R00859__chlo,0.08643036979999989,0.08564463847411935,0.990909082910339,99.0909082910339
R00351__mito,4.903051097590317,20.330493332601854,4.146498359479387,414.6498359479387
R05775__chlo,0.006656300000000001,0.006595788128576078,0.9909090829103371,99.09090829103371
R01468__cytop,0.015616940000000006,0.015474967693265763,0.990909082910337,99.0909082910337
R08539__e_r_,1.9315016409373238,0.38473664004216857,0.19919042877719878,19.91904287771988
T_Hexadecenoic_acid__chlomem,0.1567738709090101,0.1553486526467507,0.9909090829103367,99.09090829103367
R07599__mito,0.09957219107443427,0.0,0.0,0.0
R01063__chlo,158.8221691873936,233.1931615983119,1.4682658144730933,146.82658144730934
T_Phosphatidate_V1__ermem,0.039484420000000006,-0.07336434204415664,-1.8580579895603537,-185.80579895603537
R00572__mito,1.2432883858129682,0.0,0.0,0.0
EX_C00288__dra,1.0197839503866069,0.0,0.0,0.0
R04780__chlo,22.134934229873902,38.963128479125196,1.7602549921535122,176.02549921535123
DM_photon437__chlo,419.4372705393168,699.5537482457979,1.6678387863489206,166.78387863489206
R04786__chlo,0.020573280000000003,0.020386250017257586,0.9909090829103372,99.09090829103371
R00355__mito,-3.3264212474158157,-1.4965426391990613,0.44989570709412546,44.98957070941255
TZ2900022_PLAS__chlomem,0.00026956570000000006,0.0002671151005710831,0.9909090829103371,99.09090829103371
R01130__cytop,0.3529606520000074,0.3497519159767547,0.9909090829103164,99.09090829103164
TR2000130_PLAS__ermem,-2.0245123049447684e-18,0.0,-0.0,-0.0
R08648__chlo,0.07792200000000002,0.0772136175585393,0.990909082910337,99.0909082910337
R10092__mito,-8.736870424752706,-4.859398576346942,0.5561944197523664,55.61944197523664
R00480__chlo,0.3448547730000001,0.3417197268506826,0.9909090829103371,99.09090829103371
R04037__cytop,0.05559675000000001,0.055091324555295286,0.990909082910337,99.0909082910337
R03321__cytop,-3.7173000862357055,-1.5061369933107984,0.405169601154255,40.5169601154255
e_DNA__cytop,0.324,0.32105454286294927,0.9909090829103372,99.09090829103371
T_Chorismate__chlomem,-0.000191878300007295,-0.00019013395028339458,0.9909090828726641,99.09090828726642
R04952__cytop,0.01628887694127823,0.06284722568414561,3.85829090063798,385.829090063798
R00158__cytop,0.6341945880000001,0.628429177581779,0.9909090829103369,99.09090829103368
R04566__chlo,0.9652254055025709,0.6412681595300169,0.6643714057610441,66.43714057610441
R01715__chlo,0.1275718787,0.1264121333277658,0.9909090829103373,99.09090829103373
T_Icosenoyl_CoA__ermem,0.03334190951886002,0.033038800983813,0.9909090829103365,99.09090829103366
R00851__e_r_,0.11352183000000005,0.0,0.0,0.0
R02029__chlo,0.005090820000000001,0.005044539777461603,0.990909082910337,99.0909082910337
R00390__chlo,0.0,0.2249796249112064,inf,inf
R02014__cytop,0.23846367599999996,0.23629582249258776,0.9909090829103373,99.09090829103373
R04955__chlo,0.0,0.32063407976500846,inf,inf
R12170__e_r_,0.2709391173175501,0.0,0.0,0.0
EX_C00244__dra,-8.817322335982864,-8.87325977907711,1.00634403971668,100.63440397166801
R12612__cytop,0.00046404100000000016,0.00045982244174279586,0.990909082910337,99.0909082910337
T_Hydrogen_Peroxide__plas,-5.3648291271023565,-99.58842763569804,18.563205887134675,1856.3205887134675
R07764__chlo,0.5020877593081691,0.18234085927826962,0.36316531502285304,36.3165315022853
R11312__chlo,0.00010354100000000004,0.00010259971735361923,0.9909090829103367,99.09090829103367
R03656__cytop,0.07792200000000002,0.0772136175585393,0.990909082910337,99.0909082910337
R00408__chlo,2.1736690758761092,1.5479392678471486,0.7121319822904704,71.21319822904704
R01626__mito,0.0005407500000000002,0.0005358340865837649,0.990909082910337,99.0909082910337
R08767__mito,5.100750000000002e-05,5.054379504654903e-05,0.9909090829103369,99.09090829103368
TO3000349_MITO__mitmem,0.48365213458383344,0.6228820113378911,1.287871936870206,128.78719368702062
TO0000254_PLAS__plas,0.09829270000000001,0.09739912921378091,0.9909090829103372,99.09090829103371
e_Pigment__chlo,0.1,0.09909090829103372,0.9909090829103371,99.09090829103371
R01799__chlo,0.005090820000000001,0.005044539777461603,0.990909082910337,99.0909082910337
R01706__chlo,0.2952816489764309,0.29259726798748736,0.9909090829103376,99.09090829103377
R06947__chlo,4.301823077094278,0.016590988956984357,0.003856734379739056,0.3856734379739056
R04292__cytop,0.00012543430000000005,0.00012429398718316443,0.9909090829475222,99.09090829475223
TO1100020_PLAS__chlomem,18.20935163543433,3.8836839513600547,0.2132796394465047,21.32796394465047
R02058__cytop,0.0019859,0.0019678463477516388,0.9909090829103372,99.09090829103371
R09503__chlo,38.73598217627719,46.20477805466922,1.1928128695537787,119.28128695537788
R00894__chlo,0.00014329300000000004,0.00014199033521747096,0.990909082910337,99.0909082910337
R03877__chlo,0.09829270000000001,0.09739912921378091,0.9909090829103372,99.09090829103371
PKS_C122__cytop,0.01628887694127823,0.06284722568414561,3.85829090063798,385.829090063798
R00662__mito,1.2432883858129733,0.0,0.0,0.0
T_CO2_V3__ermem,-0.4702551121132898,-0.15079760003978385,0.3206718994762464,32.06718994762464
R00416__cytop,0.0019859,0.0019678463477516388,0.9909090829103372,99.09090829103371
EX_C00704__dra,9.058011497458518,12.177336055681588,1.3443718921198418,134.43718921198416
T_Hexadecanoic_acid__chlomem,0.2952816489764309,0.29259726798748736,0.9909090829103376,99.09090829103377
TZ2900062_PLAS__plas,1.3121950379999705,1.3002659817040638,0.9909090829103508,99.09090829103508
R01286__cytop,0.05070852300000002,0.05024753602166775,0.9909090829103371,99.09090829103371
R12172_V1__e_r_,0.029998201266420017,0.02972549010586796,0.9909090829103367,99.09090829103367
R00658__mito,7.283512001577056,22.831602711377432,3.1346969300570713,313.46969300570714
R01819__cytop,-0.004779899999999999,-0.00473644632540312,0.9909090829103373,99.09090829103373
R02413__chlo,-0.15702025700000735,-0.15559279886221547,0.9909090829102909,99.0909082910291
R00527__cytop,0.6990551608999774,0.6927001083911513,0.9909090829103606,99.09090829103606
R00161__chlo,0.00015255870000000006,0.00015117180150699328,0.990909082910337,99.0909082910337
DM_photon490__chlo,1016.5687533043651,1565.2075962813847,1.539696740819216,153.9696740819216
R04428__chlo,0.9652254055025709,0.6412681595300169,0.6643714057610441,66.43714057610441
R04969__chlo,0.0,0.30965270014749935,inf,inf
R00405__mito,-0.7643866010220318,-17.471150565488873,22.85643225840023,2285.6432258400228
R01274__mito,0.11253262851923386,0.88584211801688,7.871869071870774,787.1869071870774
R00209__mito,6.028183537271339,22.5065676063757,3.7335571266569816,373.35571266569815
R10178__mito,0.32660349515960063,0.7506106691469603,2.298232199812072,229.8232199812072
R00515__mito,1.243108123012982,1.1371887774853706,0.9147947442649724,91.47947442649725
TR2000131_PLAS__mitmem,3.559008203762482,5.588041380953037,1.5701119696901846,157.01119696901847
R00946__cytop,0.24058565523909042,0.3895783123299709,1.619291524022136,161.9291524022136
EX_C00011__dra,-52.69960390777822,-51.210002998950166,0.9717341156598676,97.17341156598675
R07759__e_r_,0.09742723043884785,0.096541527564653,0.9909090829103392,99.09090829103391
R01158__cytop,0.05559675000000001,0.055091324555295286,0.990909082910337,99.0909082910337
R00274__cytop,5.828015542270186,0.0,0.0,0.0
R03018__mito,0.00018026279999986306,0.00017862404583087716,0.9909090829112432,99.09090829112432
T_HCO3__mitmem,-8.736690174752706,-4.859219964984748,0.5561854509877122,55.61854509877122
R00316__chlo,0.8611546152713242,1.7585751032430084,2.042113079413659,204.21130794136587
R00472__chlo,0.5400476185369789,0.9683073205388925,1.7930035932055297,179.30035932055296
R00081__mito,0.049828877907137394,0.0163316432937858,0.32775458689280434,32.775458689280434
R02239__e_r_,0.07087646000000002,0.0702321279785312,0.9909090829103371,99.09090829103371
T_L_Lysine__chlomem,-0.10010525000000002,-0.09919520147201004,0.9909090829103371,99.09090829103371
PKS_C144__cytop,0.0,0.26847603226566974,inf,inf
R01481__cytop,0.0002500390000000001,0.0002477659161818178,0.9909090829103369,99.09090829103368
T_Oxygen_V2__mitmem,47.67488117756198,66.12929033252347,1.387088728889103,138.7088728889103
EX_C00305__dra,-0.09829270000000001,-0.09739912921378091,0.9909090829103372,99.09090829103371
R01523__chlo,76.31435867369306,120.54771919862524,1.5796204186693927,157.96204186693927
EX_C00237__dra,0.00010354100000000004,0.00010259971735361923,0.9909090829103367,99.09090829103367
TI2903796_PLAS__mitmem,-2.5141977242738194,-1.991365775965451,0.7920481976176401,79.20481976176401
EX_C00007__dra,67.79193521824021,18.323215041075198,0.2702860595746074,27.028605957460737
R07274__chlo,0.1892522124279265,0.0,0.0,0.0
R01775__chlo,0.19404100000000005,0.19227698935700477,0.9909090829103371,99.09090829103371
R12757__cytop,0.015616940000000006,0.015474967693265763,0.990909082910337,99.0909082910337
EX_C01330__dra,-1.3820670668422954e-15,0.0,-0.0,-0.0
R05341__chlo,0.020573280000000003,0.020386250017257586,0.9909090829103372,99.09090829103371
R04964__chlo,0.9652254055025709,0.6412681595300169,0.6643714057610441,66.43714057610441
T_H2O_V5__permem,-10.361881233709843,-15.680131170616566,1.513251389101537,151.3251389101537
TZ2900007_PLAS__plas,0.5098919751933034,0.0,0.0,0.0
R03425__mito,0.5539697130980327,0.0,0.0,0.0
R00330__chlo,0.00026956570000000006,0.0002671151005710831,0.9909090829103371,99.09090829103371
R00019__chlo,2.360058169130361,3.2303279877143782,1.36874930879551,136.87493087955102
R01056__chlo,21.98693847287389,38.71656823021511,1.7608894607123764,176.08894607123764
EX_C00014__dra,0.35710131298294456,0.4899499239574367,1.3720193853805212,137.2019385380521
T_Formaldehyde__mitmem,0.671323502360887,0.514040754724975,0.7657124365782138,76.57124365782137
T_CMP_V2__ermem,-0.018777890000000005,-0.018607181758891193,0.990909082910337,99.0909082910337
T_Hydrogen_Peroxide_V1__mitmem,-26.594736047819282,-18.526311854035146,0.6966157445865784,69.66157445865784
R02061__chlo,0.1395488887,0.13828026132287374,0.9909090829103373,99.09090829103373
R00190__cytop,0.1996151332390904,0.0,0.0,0.0
R03036__mito,5.737479999986303e-05,5.685321045019164e-05,0.9909090829131844,99.09090829131844
R08177__cytop,0.01708176656224501,0.016926477638682658,0.9909090829103367,99.09090829103367
R01070__chlo,-22.134934229873902,-38.963128479125196,1.7602549921535122,176.02549921535123
R00582__chlo,2.0212044201014647,2.44695958937578,1.2106442896324867,121.06442896324867
TR2300023_PLAS__mitmem,0.7335004796208638,0.0,0.0,0.0
R00734__cytop,0.0,-0.041145720317701945,-inf,-inf
R04726__chlo,0.9652254055025709,0.6412681595300169,0.6643714057610441,66.43714057610441
R00206__chlo,10.020566768827626,-0.5406705403186753,-0.05395608380162832,-5.395608380162832
R04224__mito,0.09957219107443427,0.0,0.0,0.0
R01398__cytop,0.16586550000000003,0.16435763049146454,0.9909090829103371,99.09090829103371
T_SAM_V1__ermem,0.03637484000000001,0.03604415934541025,0.9909090829103369,99.09090829103368
R07558__chlo,0.018607650000000003,0.018438489396616537,0.9909090829103371,99.09090829103371
T_SUCFUMthr__chlomem,2.1736690758761092,1.5479392678471486,0.7121319822904704,71.21319822904704
T_FADH2__chlomem,-2.1736690758761092,-1.547939267847149,0.7121319822904706,71.21319822904707
T_all_trans_Nonaprenyl_diphosphate__chlomem,5.100750000000002e-05,5.054379504654903e-05,0.9909090829103369,99.09090829103368
T_MalonylCoA__ermem,0.47025511211328885,0.15079760003978376,0.32067189947624686,32.067189947624684
R03660__cytop,0.07688625000000002,0.07618728347591491,0.990909082910337,99.0909082910337
T_L_Valine__chlomem,-0.11753405206285428,-0.15270628645097037,1.2992514405042963,129.92514405042962
R05068__chlo,0.07792200000000002,0.0772136175585393,0.990909082910337,99.0909082910337
R05634__chlo,0.5587436983000001,0.5536642056643832,0.9909090829103371,99.09090829103371
R10147__chlo,0.10010525000000002,0.09919520147201004,0.9909090829103371,99.09090829103371
R01324__mito,3.0007167556909415,19.050590323131306,6.348679956880749,634.8679956880749
R04533__cytop,0.01628887694127823,0.32063407976500846,19.684234887457347,1968.4234887457346
R07179__chlo,0.0,3.088051102128331,inf,inf
R00621__mito,0.0,15.993277586117705,inf,inf
R01771__chlo,0.19404100000000005,0.19227698935700477,0.9909090829103371,99.09090829103371
T_Hexadecanoic_acid_V1__ermem,0.1333486309809808,0.1321363696327129,0.9909090829103391,99.09090829103391
T_Linoleoyl_CoA__ermem,0.01708176656224501,0.016926477638682658,0.9909090829103367,99.09090829103367
TZ2900004_PLAS__chlomem,-0.4128374027087472,11.515886291184314,-27.894483919395892,-2789.4483919395893
R08178__cytop,0.04442406333447003,0.04402020785791041,0.9909090829103366,99.09090829103366
R00342__mito,47.56265543704152,-5.74027577246705,-0.12068871512158164,-12.068871512158164
R04429__chlo,0.0,0.32063407976500846,inf,inf
R01818__cytop,0.004779899999999999,0.00473644632540312,0.9909090829103373,99.09090829103373
R00127__mito,8.057115134128905,11.412435679102538,1.4164419260637007,141.64419260637007
R01830__chlo,22.1732152298739,38.90115156066149,1.7544208702872326,175.44208702872325
RXN_14051__mito,-0.0005407500000000002,-0.0005358340865837649,0.990909082910337,99.0909082910337
5DORK__cytop,0.00046404100000000016,0.00045982244174279586,0.990909082910337,99.0909082910337
R04640__cytop,0.05559675000000001,0.055091324555295286,0.990909082910337,99.0909082910337
R00156__chlo,0.0,0.09990990906659841,inf,inf
RXN_13441__e_r_,0.2709391173175501,0.0,0.0,0.0
R01082__mito,-2.9328740160653544,-18.88469734768587,6.438973254303281,643.8973254303281
R09073__e_r_,0.009093710000000003,0.009011039836352562,0.9909090829103369,99.09090829103368
T_Thiamine__chlomem,-0.00010354100000000004,-0.00010259971735361923,0.9909090829103367,99.09090829103367
T_OAAAKGtm__mitmem,-43.42528534389576,25.259959283135906,-0.5816878135191498,-58.16878135191498
R04543__chlo,0.9541432791936098,0.6302867799125078,0.6605787554728595,66.05787554728595
R04953__cytop,0.01628887694127823,0.06284722568414561,3.85829090063798,385.829090063798
RXN_12968__e_r_,0.06854685483803181,0.021217271491317812,0.3095294677115637,30.95294677115637
R01230__cytop,0.3529606520000074,0.3497519159767547,0.9909090829103164,99.09090829103164
T_Glycine__chlomem,0.0002468340000000001,0.0002445900525710902,0.990909082910337,99.0909082910337
R10507__mito,0.0,7.663087004472176,inf,inf
R00286__cytop,0.000293363,0.0002906960612898253,0.9909090829103373,99.09090829103373
R05064__mito,0.09957219107443427,0.0,0.0,0.0
R01280__e_r_,0.1333486309809808,0.1321363696327129,0.9909090829103391,99.09090829103391
R00115__chlo,9.241511893730157,16.833617950206758,1.821522078181538,182.1522078181538
T_Biotin__mitmem,0.00018025000000000007,0.0001786113621945883,0.990909082910337,99.0909082910337
T_CO_V1__chlomem,-0.00010354100000000004,-0.00010259971735361923,0.9909090829103367,99.09090829103367
R00217__mito,0.0,22.15454599535383,inf,inf
R07758__e_r_,0.09742723043884785,0.096541527564653,0.9909090829103392,99.09090829103391
TR2900000_PLAS__mitmem,-46.17542606028764,23.75010922497075,-0.5143452102415274,-51.43452102415274
R04560__cytop,0.7093402226999846,0.7028916695470654,0.9909090829103503,99.09090829103503
R04428__cytop,0.01628887694127823,0.32063407976500846,19.684234887457347,1968.4234887457346
R00343__chlo,-21.123286208275022,-50.47349297961657,2.3894716230206474,238.94716230206475
R02035__cytop,7.431189183471411,1.5027570133289911,0.2022229519699823,20.222295196998232
T_4_Aminobutanoate_V1__mitmem,0.6455051041319246,0.0,0.0,0.0
T_FattyAcid__ermem,0.27197146000000005,0.04451936509517905,0.1636913119309616,16.36913119309616
R03646__cytop,0.16586550000000003,0.16435763049146454,0.9909090829103371,99.09090829103371
R03243__cytop,-0.05559675000000001,-0.055091324555295286,0.990909082910337,99.0909082910337
TR2000132_PLAS__ermem,-0.7422265721132899,-0.19531696513496283,0.26315005750717124,26.315005750717123
R00465__cytop,-0.15680288517624064,-0.18663147384748474,1.190229845820234,119.02298458202341
R00291__cytop,0.03892922000000001,0.03857531768861476,0.9909090829103371,99.09090829103371
R05578__cytop,0.16607700000000003,0.16456720776250008,0.9909090829103371,99.09090829103371
R00158__mito,1.2432883858129733,0.0,0.0,0.0
R00115__cytop,5.828015542270186,0.0,0.0,0.0
R04956__chlo,0.9652254055025709,0.32063407976500846,0.33218570288052207,33.218570288052206
R12570__cytop,1.4744369408967115,0.0,0.0,0.0
R04969__cytop,0.0,6.478439375823259e-17,inf,inf
T_Oxygen__plas,-67.79193521824021,-18.323215041075198,0.2702860595746074,27.028605957460737
T_L_Serine__chlomem,-1.9919479201014647,-2.4179690577916135,1.2138716245495256,121.38716245495256
T_NADP__ermem,-2.8720118651639033,-0.6863318401217363,0.23897249466362075,23.897249466362076
R10170__chlo,0.22373225000000002,0.22169831866496625,0.990909082910337,99.0909082910337
R01641__chlo,22.016194972873894,38.74555876179928,1.7598662625189139,175.98662625189138
R02199__chlo,-0.07792200000000002,-0.0772136175585393,0.990909082910337,99.0909082910337
R03460__chlo,0.15702025700000735,0.15559279886221547,0.9909090829102909,99.0909082910291
R02291__chlo,0.3448547730000001,0.3417197268506826,0.9909090829103371,99.09090829103371
R03661__cytop,0.14203450000000004,0.1407432761366283,0.990909082910337,99.0909082910337
R09072__e_r_,0.009093710000000003,0.009011039836352562,0.9909090829103369,99.09090829103368
R03182__mito,0.00018025000000000007,0.0001786113621945883,0.990909082910337,99.0909082910337
R07765__chlo,0.5020877593081691,0.18234085927826962,0.36316531502285304,36.3165315022853
R01826__chlo,0.15702025700000735,0.15559279886221547,0.9909090829102909,99.0909082910291
R07600__mito,0.09957219107443427,0.0,0.0,0.0
T_Orthophosphate__ermem,-0.07087646000000002,-0.0702321279785312,0.9909090829103371,99.09090829103371
R00742__chlo,7.247583471517204,4.660236596370878,0.6430055776087954,64.30055776087954
R00024__chlo,75.93130581863234,119.76623348588413,1.5772971660984578,157.72971660984578
T_L_Serine_V1__mitmem,0.11753405206285428,0.5142193787708059,4.375067223036046,437.5067223036046
R00755__cytop,0.0,1.7991211250777326,inf,inf
T_Octadecanoic_acid__chlomem,0.4244172345268691,0.105376430798067,0.2482849946363236,24.82849946363236
T_NADH__chlomem,-27.47310315526915,-9.832832295170153,0.35790759564356983,35.79075956435698
R01829__chlo,-22.016194972873894,-38.74555876179928,1.7598662625189139,175.98662625189138
R01528__cytop,7.431189183471411,1.5027570133289911,0.2022229519699823,20.222295196998232
T_L_Methionine_V1__mitmem,-0.00036050000000000014,-0.0003572227243891766,0.990909082910337,99.0909082910337
R01086__cytop,0.16586550000000003,0.16435763049146454,0.9909090829103371,99.09090829103371
R08193__cytop,0.0019859,0.0019678463477516388,0.9909090829103372,99.09090829103371
R00369__cytop,-0.21594895900000005,-0.21398578491813205,0.9909090829103372,99.09090829103371
R04237__chlo,0.09829270000000001,0.09739912921378091,0.9909090829103372,99.09090829103371
R04457__chlo,0.0005391314000000001,0.0005342302011421662,0.9909090829103371,99.09090829103371
R00248__chlo,-3.339444310629225,-3.9939479706181897,1.195991787587451,119.59917875874511
R02163__mito,2.138000312559888,3.0799738995007675,1.440586271857476,144.0586271857476
R04954__chlo,0.9652254055025709,0.6412681595300169,0.6643714057610441,66.43714057610441
R01518__chlo,-8.667873938306712,-9.24559193313971,1.0666504841838824,106.66504841838824
R01135__cytop,0.3563795706999772,0.3531397535703107,0.9909090829103837,99.09090829103837
T_5_Methylthioadenosine_V1__ermem,-0.009093710000000003,-0.009011039836352562,0.9909090829103369,99.09090829103368
R02889__cytop,0.0338292,0.03352166154759038,0.9909090829103372,99.09090829103371
T_Orotate__mitmem,0.6341945880000001,0.628429177581779,0.9909090829103369,99.09090829103368
R02164__mito,0.4186762917915352,16.893331571720417,40.349386633365526,4034.9386633365525
R04173__chlo,-2.2104566325293913,-2.44695958937578,1.106992805633903,110.69928056339029
R07178__chlo,4.285079877094278,0.0,0.0,0.0
R03655__cytop,0.05559675000000001,0.055091324555295286,0.990909082910337,99.0909082910337
R01513__chlo,2.2104566325293913,2.44695958937578,1.106992805633903,110.69928056339029
R05000__mito,5.100750000000002e-05,5.054379504654903e-05,0.9909090829103369,99.09090829103368
TZ2900024_PLAS__chlomem,0.07294569170002509,-0.04020726399091732,-0.5511944990015565,-55.11944990015565
R04143__cytop,0.009273960000000005,0.009189651198547151,0.9909090829103367,99.09090829103367
R07324__cytop,0.003410988999999873,0.003379979981807248,0.9909090829103739,99.0909082910374
R01015__chlo,55.072715917519176,77.82622159315754,1.413153869326431,141.3153869326431
RXN_13322__e_r_,0.03334190951886002,0.033038800983813,0.9909090829103365,99.09090829103366
RXN_12994__e_r_,0.2709391173175501,0.0,0.0,0.0
R10907__cytop,7.431189183471411,1.5027570133289911,0.2022229519699823,20.222295196998232
R04963__chlo,0.9652254055025709,0.6412681595300169,0.6643714057610441,66.43714057610441
PKS_C40__cytop,0.0,0.010689178184806884,inf,inf
R08770__mito,5.100750000000002e-05,5.054379504654903e-05,0.9909090829103369,99.09090829103368
T_FADH2_V2__mitmem,-3.0070912909788112,-9.905011614322737,3.2938845734539193,329.38845734539194
R03140__chlo,0.38305285506073095,0.7814857127411243,2.0401511238370067,204.01511238370068
R02016__chlo,2.6159587746967117,0.0,0.0,0.0
R00768__cytop,0.0019859,0.0019678463477516388,0.9909090829103372,99.09090829103371
PKS_C81__cytop,0.01628887694127823,0.06284722568414561,3.85829090063798,385.829090063798
R00087__mito,2.7956653511007623,2.3456491889583315,0.8390307473799602,83.90307473799602
R00310__chlo,7.143160000000003e-05,7.078222124681804e-05,0.9909090829103367,99.09090829103367
T_Arachidonyl_CoA__ermem,0.06854685483803181,0.021217271491317812,0.3095294677115637,30.95294677115637
T_L_Tyrosine__chlomem,5.8621200000000014e-05,5.808827953110347e-05,0.9909090829103371,99.09090829103371
PRISM_solar_exo__extr,4848.260673819089,7464.851158121228,1.5396967408192161,153.96967408192162
R07463__chlo,0.00010354100000000004,0.00010259971735361923,0.9909090829103367,99.09090829103367
T_L_Aspartate__chlomem,0.7577290002630213,0.31767131861869413,0.4192413362936152,41.92413362936152
R10179__mito,0.31890160897232406,-0.7506106691469603,-2.3537374789855705,-235.37374789855704
T__9Z_12Z__hexadeca_9_12_dienoate__ermem,0.005923199275713002,0.0058693519621919425,0.9909090829103369,99.09090829103368
T_NADtm__mitmem,0.0,1.1337268907690703e-16,inf,inf
R04144__cytop,0.6538470136999845,0.6479029447091237,0.9909090829103514,99.09090829103513
R00345__mito,2.643826662316567,22.831602711377432,8.63581680176112,863.581680176112
R01083__cytop,0.3563795706999772,0.3531397535703107,0.9909090829103837,99.09090829103837
e_Protein__cytop,0.25000000000000006,0.2477272707275843,0.990909082910337,99.0909082910337
R03051__chlo,0.47741170387443427,0.37440460511593665,0.7842384300122021,78.4238430012202
R01072__cytop,0.6538470136999845,0.6479029447091237,0.9909090829103514,99.09090829103513
TI3000040_PLAS__mitmem,0.48365213458383344,0.6228820113378911,1.287871936870206,128.78719368702062
R07763__chlo,0.5020877593081691,0.18234085927826962,0.36316531502285304,36.3165315022853
R05577__cytop,0.10643150000000001,0.10546394005777154,0.990909082910337,99.0909082910337
TO0000017_PLAS__mitmem,0.0005407500000000001,0.000535834086583765,0.9909090829103373,99.09090829103373
R03220__chlo,0.09836413160000002,0.09746991143502773,0.9909090829103372,99.09090829103371
R00066__chlo,0.00026956570000000006,0.0002671151005710831,0.9909090829103371,99.09090829103371
R03869__mito,0.09957219107443427,0.0,0.0,0.0
T_CoA_ADP__mitmem,0.0,1.3961977078190793,inf,inf
TO0000255_PLAS__chlomem,0.09829270000000001,0.09739912921378091,0.9909090829103372,99.09090829103371
R00006__chlo,0.47741170387443427,0.37440460511593665,0.7842384300122021,78.4238430012202
R00754__cytop,3.4105076058310138,3.6688743039080656,1.0757560832397257,107.57560832397257
R09503_V1__chlo,88.35700544349915,136.04299330990136,1.539696740819216,153.9696740819216
R09502__chlo,5.373305335514925,13.56933031805414,2.5253227707659733,252.53227707659732
PKS_C143__cytop,0.01628887694127823,0.06284722568414561,3.85829090063798,385.829090063798
R02019__cytop,0.287425584,0.2848126218464081,0.9909090829103372,99.09090829103371
T_FAD_V1__permem,-5.180760366854921,-11.452950882169885,2.2106698768471733,221.06698768471733
RXN_12969__e_r_,0.06854685483803181,0.021217271491317812,0.3095294677115637,30.95294677115637
R11945__mitmem,52.075948829579744,36.487693267087074,0.7006630524677381,70.06630524677381
R02569__chlo,0.6191617405972234,0.0,0.0,0.0
R01127__cytop,-0.7093402226999846,-0.7028916695470654,0.9909090829103503,99.09090829103503
TR2900128_PLAS__mitmem,-0.8850480776462807,-1.1964761155143357,1.3518769722615236,135.18769722615235
R07392__cytop,0.009273960000000005,0.009189651198547151,0.9909090829103367,99.09090829103367
R05066__mito,0.09957219107443427,0.0,0.0,0.0
R02918__cytop,0.05057600000000001,0.05011621777727321,0.9909090829103369,99.09090829103368
R01859__mito,0.00018025000000000007,0.0001786113621945883,0.990909082910337,99.0909082910337
R03875__cytop,0.009183802846363453,0.05949358076799311,6.478098644239845,647.8098644239844
R04968__cytop,0.0,6.478439375823259e-17,inf,inf
T_Hydrogen_Peroxide_V3__permem,5.1809406168549215,4.227001677084483,0.8158753380289611,81.5875338028961
R01699__chlo,0.6191617405972234,0.0,0.0,0.0
TR0000242_PLAS__plas,-1.0197839503866069,0.0,-0.0,-0.0
R04199__chlo,0.10010525000000002,0.09919520147201004,0.9909090829103371,99.09090829103371
R04543__cytop,0.0,6.478439375823259e-17,inf,inf
R02135__chlo,0.00010354100000000004,0.00010259971735361923,0.9909090829103367,99.09090829103367
R00710__cytop,0.00046404100000000016,1.7995809475194755,3878.064540675231,387806.4540675231
R00842__mito,-0.6123937356648387,-0.47118054041498225,0.76940783841208,76.940783841208
R02765__mito,-0.00018025000000000007,-0.0001786113621945883,0.990909082910337,99.0909082910337
R01802__e_r_,0.0031609500000000005,0.0031322140656254304,0.9909090829103371,99.09090829103371
T_FattyAcid_V2__chlomem,0.0,0.2249796249112064,inf,inf
R00659__mito,1.2432883858129682,0.0,0.0,0.0
R00428__cytop,0.000191878300007295,0.00019013395028339458,0.9909090828726641,99.09090828726642
R01226__mito,0.6715037651608868,0.5142193787708059,0.7657728898178302,76.57728898178303
TO3000348_PLAS__chlomem,7.143160000000003e-05,7.078222124681804e-05,0.9909090829103367,99.09090829103367
R02740__cytop,-4.371886839235706,-0.548726050033887,0.1255124092209613,12.55124092209613
R01078__mito,0.00018025000000000007,0.0001786113621945883,0.990909082910337,99.0909082910337
R02095__mito,0.0,5.096432753240766,inf,inf
R01624__cytop,0.01628887694127823,0.3313232579498154,20.340460496094558,2034.0460496094558
T_H2O__plas,44.85786367714468,140.2744876111528,3.127088008933056,312.70880089330564
R00332__cytop,0.3529606520000074,0.3497519159767547,0.9909090829103164,99.09090829103164
R00888__cytop,0.00195762,0.0019398234388869342,0.9909090829103371,99.09090829103371
T_L_Valine_V1__mitmem,0.09975245387443409,0.00017862404583087716,0.001790673200438003,0.1790673200438003
R03222__chlo,0.09836413160000002,0.09746991143502773,0.9909090829103372,99.09090829103371
RXN_16380__mito,2.758165979360245,0.0,0.0,0.0
R12185__cytop,0.21883689582213658,0.33890372896053206,1.5486590032605005,154.86590032605005
R07618__mito,0.8223205784666238,17.47168639957546,21.246806728532576,2124.6806728532574
R00479__mito,0.31890160897232406,0.06923247675288496,0.2170966680788786,21.70966680788786
R08159__chlo,0.011082126308961006,0.010981379617509066,0.9909090829103369,99.09090829103368
R00289__chlo,-0.03828100000000001,0.061976918463707786,-1.6189994635382505,-161.89994635382504
R08782__chlo,5.8621200000000014e-05,5.808827953110347e-05,0.9909090829103371,99.09090829103371
T_H2S__chlomem,0.1028218426279266,-0.08564463847411935,-0.8329420703345586,-83.29420703345586
R03316__mito,0.0,15.993277586117705,inf,inf
T_CTP__ermem,0.0031609500000000005,0.0031322140656254304,0.9909090829103371,99.09090829103371
T_Formaldehyde_V1__permem,0.00018025000000000007,0.0001786113621945883,0.990909082910337,99.0909082910337
R01518__cytop,-2.0627952687536397,-22.831602711377432,11.068283439089184,1106.8283439089184
R01529__cytop,-26.983220834443102,-66.35764168964569,2.459218715837754,245.92187158377538
R10089__cytop,0.00017818600000000005,0.0,0.0,0.0
R09450_V1__cytop,0.029998201266420017,0.02972549010586796,0.9909090829103367,99.09090829103367
R04639__cytop,-0.000191878300007295,-0.00019013395028339458,0.9909090828726641,99.09090828726642
T_CDP_Choline__ermem,0.012120000000000004,0.012009818084873287,0.990909082910337,99.0909082910337
PKS_C102__cytop,0.0,0.26847603226566974,inf,inf
R00734__mito,5.100750000000002e-05,5.054379504654903e-05,0.9909090829103369,99.09090829103368
R08705__cytop,0.00147272,0.001459331624583712,0.9909090829103372,99.09090829103371
CYSPH_RXN__cytop,0.05070852300000002,0.05024753602166775,0.9909090829103371,99.09090829103371
RXN_13001__e_r_,0.2709391173175501,0.0,0.0,0.0
R09450__cytop,0.005923199275713002,0.0058693519621919425,0.9909090829103369,99.09090829103368
OAADCO__mito,0.0005407500000000002,0.0005358340865837649,0.990909082910337,99.0909082910337
R01773__cytop,0.05070852300000002,0.05024753602166775,0.9909090829103371,99.09090829103371
5DORI__cytop,0.00046404100000000016,0.00045982244174279586,0.990909082910337,99.0909082910337
R04961__chlo,0.0,0.32063407976500846,inf,inf
R04725__chlo,0.9652254055025709,0.32063407976500846,0.33218570288052207,33.218570288052206
R07613__chlo,-0.10010525000000002,-0.09919520147201004,0.9909090829103371,99.09090829103371
R12658__mito,5.100750000000002e-05,5.054379504654903e-05,0.9909090829103369,99.09090829103368
R00691__chlo,0.1275718787,0.0,0.0,0.0
R02326__cytop,0.057058890000000015,0.05654017236178182,0.9909090829103371,99.09090829103371
DM_photon646__chlo,832.6001745497763,1282.1031161096369,1.5398785098777172,153.98785098777174
R03083__chlo,0.15702025700000735,0.15559279886221547,0.9909090829102909,99.0909082910291
R07395__cytop,0.009273960000000005,0.009189651198547151,0.9909090829103367,99.09090829103367
T_H2O_V1__chlomem,52.66844886414254,96.68551875550543,1.8357388691074659,183.57388691074658
TR2000105_PLAS__mitmem,5.2207167328234165,0.0,0.0,0.0
R03814__e_r_,0.06854685483803181,0.021217271491317812,0.3095294677115637,30.95294677115637
R00425__chlo,0.00026956570000000006,0.0002671151005710831,0.9909090829103371,99.09090829103371
R01616__mito,5.100750000000002e-05,5.054379504654903e-05,0.9909090829103369,99.09090829103368
T_Acetate_V1__mitmem,-1.9023343418993757,-1.279903009470548,0.6728065520767688,67.28065520767687
R00036__chlo,0.39345652640000006,0.3898796457401109,0.9909090829103372,99.09090829103371
R01561__cytop,0.1898771322390904,-0.009649473640289946,-0.050819566982607874,-5.081956698260788
R01073__chlo,0.029256500000000005,0.02899053158416628,0.9909090829103371,99.09090829103371
T_MALICITtm__mitmem,-0.22675900117778278,0.0,-0.0,-0.0
R01658__chlo,0.1395488887,0.13828026132287374,0.9909090829103373,99.09090829103373
R00209__cytop,0.0,2.547382603712635,inf,inf
T_L_Phenylalanine__chlomem,-0.1275718787,-0.08526641301006382,0.6683793785821531,66.83793785821531
T_L_Cysteine__chlomem,-0.18900537842792647,0.00024459005257108555,-0.0012940904359732557,-0.12940904359732558
R00355__chlo,0.2853023485630212,-0.024048408231994157,-0.08429095783164238,-8.429095783164238
R01057__cytop,0.1898771322390904,-0.009649473640289946,-0.050819566982607874,-5.081956698260788
e_Biomass__cytop,1.0,0.9909090829103372,0.9909090829103372,99.09090829103371
T_L_Ornithine__chlomem,-0.16586550000000003,-0.16435763049146454,0.9909090829103371,99.09090829103371
R02037__cytop,0.012120000000000004,0.012009818084873287,0.990909082910337,99.0909082910337
T_Phosphatidate__chlomem,-0.039484420000000006,0.07336434204415664,-1.8580579895603537,-185.80579895603537
R00481__cytop,0.00012543430000000005,0.00012429398718316443,0.9909090829475222,99.09090829475223
R00570__chlo,0.5255535183000001,0.5207757548389542,0.9909090829103372,99.09090829103371
R08210__chlo,0.13954888870000004,0.13828026132287377,0.9909090829103373,99.09090829103373
R02021__cytop,0.0930866697999999,0.09224042660269541,0.9909090829103386,99.09090829103387
R00489__cytop,0.00018026279999986306,0.00017862404583087716,0.9909090829112432,99.09090829112432
R00084__chlo,0.09836413160000002,0.09746991143502773,0.9909090829103372,99.09090829103371
R00004__chlo,14.371857013126547,5.18513192625461,0.360783712328808,36.0783712328808
R07461__chlo,0.00010354100000000004,0.00010259971735361923,0.9909090829103367,99.09090829103367
PKS_C123__cytop,0.0,0.26847603226566974,inf,inf
R12570__mito,0.0,2.9997311844987866,inf,inf
R04209__cytop,0.6537434726999846,0.6478003449917701,0.9909090829103514,99.09090829103513
T_Riboflavin__chlomem,0.00011700700000000005,0.00011594329906408983,0.9909090829103367,99.09090829103367
R03815__mito,0.5539697130980327,0.0,0.0,0.0
R04965__chlo,0.9652254055025709,0.6412681595300169,0.6643714057610441,66.43714057610441
R00258__mito,0.3266034951596006,0.7506106691469603,2.2982321998120723,229.82321998120722
T_SAM__chlomem,0.00010354099999999819,0.00010259971735362211,0.9909090829103825,99.09090829103825
R08772__mito,5.100750000000002e-05,5.054379504654903e-05,0.9909090829103369,99.09090829103368
PKS_C164__cytop,0.0,0.26847603226566974,inf,inf
R02933__cytop,-0.0002500390000000001,-0.0002477659161818178,0.9909090829103369,99.09090829103368
R01706__cytop,0.0,6.478439375823259e-17,inf,inf
TR2000107_PLAS__chlomem,-24.275860888443127,-63.67524726069831,2.6229861652820654,262.29861652820654
R02101__cytop,0.23840211600000003,0.23623482212944383,0.9909090829103371,99.09090829103371
T_L_Cysteine_V1__mitmem,0.6506292485274681,0.3523788464298996,0.5415969958734848,54.15969958734848
R03383__mito,0.09957219107443427,0.0,0.0,0.0
R01870__cytop,-0.6341945880000001,-0.628429177581779,0.9909090829103369,99.09090829103368
R02073__cytop,-10.906100893842854,-1.6800228286292191,0.1540443138186712,15.40443138186712
T_SAMT1__chlomem,0.09835132120000002,0.097457217493312,0.990909082910337,99.0909082910337
T_FADH2_V1__permem,5.18076036685492,11.452950882169887,2.210669876847174,221.06698768471742
T__9Z_12Z_15Z__Octadecatrienoyl_CoA__ermem,0.04442406333447003,0.04402020785791041,0.9909090829103366,99.09090829103366
R00267__mito,2.681815146718617,9.60523885228801,3.581618540726296,358.1618540726296
TR2000108_PLAS__chlomem,34.41441001791451,67.86022213684883,1.9718548742089146,197.18548742089146
R00275__cytop,0.0,11.802976605610422,inf,inf
R00945__cytop,-1.1328347849390796,-1.2737160791685385,1.1243617305033893,112.43617305033892
TZ2900012_PLAS__mitmem,184.81023455139405,112.24758012725884,0.6073666883207369,60.73666883207369
R03443__chlo,0.16586550000000003,0.16435763049146454,0.9909090829103371,99.09090829103371
R02024__cytop,0.057058890000000015,0.05654017236178182,0.9909090829103371,99.09090829103371
R10117__mito,0.00018025000000000007,0.0001786113621945883,0.990909082910337,99.0909082910337
T_FAD_V2__mitmem,3.0070912909788112,9.905011614322737,3.2938845734539193,329.38845734539194
R11323__mito,0.0,2.3456491889583315,inf,inf
R07760__e_r_,0.09742723043884785,0.096541527564653,0.9909090829103392,99.09090829103391
R01214__chlo,-0.11753405206285428,-0.15270628645097037,1.2992514405042963,129.92514405042962
R10997__mito,0.00018025000000000007,0.0001786113621945883,0.990909082910337,99.0909082910337
R03663__cytop,0.11611900000000003,0.11506337179846543,0.9909090829103369,99.09090829103368
R01214__cytop,-0.13614540181157983,0.0,-0.0,-0.0
R04534__chlo,0.9652254055025709,0.6412681595300169,0.6643714057610441,66.43714057610441
R00451__chlo,0.10010525000000002,0.09919520147201004,0.9909090829103371,99.09090829103371
R01793__cytop,0.05068562870000001,0.009079129534148916,0.17912630793013945,17.912630793013946
R02239__chlo,0.0343936,0.03408093063398497,0.9909090829103371,99.09090829103371
R10122__mito,0.00018025000000000007,0.0001786113621945883,0.990909082910337,99.0909082910337
R01384__cytop,0.000293363,0.0002906960612898253,0.9909090829103373,99.09090829103373
R03504__cytop,0.000191878300007295,0.00019013395028339458,0.9909090828726641,99.09090828726642
R01090__cytop,-0.22373225000000002,-0.22169831866496625,0.990909082910337,99.0909082910337
R02300__mito,1.172418142771601,0.0,0.0,0.0
TE_1__cytop,0.0,0.26847603226566974,inf,inf
R04355__cytop,0.01628887694127823,0.32063407976500846,19.684234887457347,1968.4234887457346
R10120__mito,0.00018025000000000007,0.0001786113621945883,0.990909082910337,99.0909082910337
R03508__chlo,0.029256500000000005,0.02899053158416628,0.9909090829103371,99.09090829103371
SOX__mito,31.12428254654854,39.41822350607173,1.2664781412107742,126.64781412107742
R04970__chlo,0.9541432791936098,0.32063407976500846,0.33604395352026273,33.60439535202627
R01845__cytop,0.0,1.341197214473671,inf,inf
R02649__chlo,0.16586550000000003,0.16435763049146454,0.9909090829103371,99.09090829103371
T_Prephenate__chlomem,0.0,-0.041145720317701945,-inf,-inf
R00571__cytop,0.29419307,0.2915185851922766,0.990909082910337,99.0909082910337
R10119__mito,0.00018025000000000007,0.0001786113621945883,0.990909082910337,99.0909082910337
TR0000209_PLAS__plas,8.817322335982864,8.87325977907711,1.00634403971668,100.63440397166801
R04787__chlo,0.020573280000000003,0.020386250017257586,0.9909090829103372,99.09090829103371
R03118__cytop,0.029332000000000004,0.029065345219926014,0.9909090829103372,99.09090829103371
R06266__chlo,0.09829270000000001,0.09739912921378091,0.9909090829103372,99.09090829103371
R00355__cytop,-2.524212152055458,-100.3666149612112,39.76156080204391,3976.156080204391
R01280__mito,0.11253262851923386,0.88584211801688,7.871869071870774,787.1869071870774
TR6900007_PLAS__mitmem,2.03059414069115,7.965574433095927,3.9227801723020326,392.27801723020326
R03650__cytop,0.0351145,0.034795276991855036,0.9909090829103372,99.09090829103371
R00512__cytop,0.5826124083000002,0.577315927200736,0.9909090829103371,99.09090829103371
R02084__mito,0.0005407500000000002,0.0005358340865837649,0.990909082910337,99.0909082910337
TI2903797_PLAS__mitmem,1.2035399519390522,1.3437784713575247,1.1165216985049236,111.65216985049236
R07140__cytop,0.6990551608999774,0.6927001083911513,0.9909090829103606,99.09090829103606
PKS_C61__cytop,0.0,0.26847603226566974,inf,inf
R04955__cytop,0.01628887694127823,0.06284722568414561,3.85829090063798,385.829090063798
R00206__cytop,-18.374400193134324,-8.393735795096603,0.4568168596998861,45.681685969988614
R00342__cytop,-23.762070283892157,76.88661656620823,-3.2356867750840785,-323.56867750840786
R00185__cytop,0.0,0.34898024994859317,inf,inf
R03038__cytop,0.21605250000000006,0.2140883846354856,0.9909090829103367,99.09090829103367
R04125__mito,0.5539697130980327,0.0,0.0,0.0
R04568__chlo,0.9652254055025709,0.6412681595300169,0.6643714057610441,66.43714057610441
T_Sulfite__chlomem,0.0930866697999999,0.09224042660269541,0.9909090829103386,99.09090829103387
R01397__cytop,0.6341945880000001,0.628429177581779,0.9909090829103369,99.09090829103368
DM_photon438__chlo,931.3670543921442,1487.7703679722815,1.5974049768630407,159.74049768630408
R07281__chlo,0.0005391314000000001,0.0005342302011421662,0.9909090829103371,99.09090829103371
R06869__cytop,0.012120000000000004,0.012009818084873287,0.990909082910337,99.0909082910337
TI3000279_PLAS__ermem,0.0031609500000000005,0.0031322140656254304,0.9909090829103371,99.09090829103371
R00293__cytop,0.00147272,0.001459331624583712,0.9909090829103372,99.09090829103371
T_H__ermem,2.5448876751639036,0.5871611339222558,0.23072182699947244,23.072182699947245
R10092__chlo,10.54893076120838,10.73933364617349,1.018049496131426,101.8049496131426
R02222__e_r_,0.4343337115711569,0.11520275797172388,0.2652401941239834,26.524019412398342
EX_C00205__dra,-4848.260673819089,-7464.851158121228,1.5396967408192161,153.96967408192162
R01845__chlo,22.016194972873894,38.74555876179928,1.7598662625189139,175.98662625189138
T_5_Deoxyadenosine__chlomem,0.00010354100000000004,0.00010259971735361923,0.9909090829103367,99.09090829103367
R10052__cytop,0.22373225000000002,0.22169831866496625,0.990909082910337,99.0909082910337
R02272__chlo,-0.7869130528000001,-0.7797592914802218,0.9909090829103372,99.09090829103371
e_Carbohydrate__cytop,0.1,0.09909090829103372,0.9909090829103371,99.09090829103371
R03066__cytop,0.000191878300007295,0.00019013395028339458,0.9909090828726641,99.09090828726642
EX_C00009__dra,-1.3121950379999705,-1.3002659817040638,0.9909090829103508,99.09090829103508
